{
  "title": "Booking resource",
  "description": "Booking resource object",
  "type": "object",
  "properties": {
    "id": {
      "description": "Booking id",
      "type": "integer"
    },
    "first_name": {
      "description": "First name",
      "type": "string",
      "minLength": 1,
      "maxLength": 255
    },
    "last_name": {
      "description": "Last name",
      "type": "string",
      "minLength": 1,
      "maxLength": 255
    },
    "checkin": {
      "description": "check in time",
      "type": "string",
      "format": "date-time",
      "default":"2021-08-03T09:25:23.112+0000"
    },
    "checkout": {
      "description": "check out time",
      "type": "string",
      "format": "date-time",
      "default":"2021-08-03T09:25:23.112+0000"
    },
    "totalprice": {
      "description": "total price",
      "type": "number",
      "minLength": 1,
      "maxLength": 100
    },
    "deposit": {
      "description": "deposit price",
      "type": "number",
      "minLength": 1,
      "maxLength": 100
    },
    "address": {
      "additionalProperties": false,
      "required": true,
      "type": "object",
      "properties": {
        "line1": {
          "description": "line1 details",
          "type": "string",
          "minLength": 1,
          "maxLength": 500,
          "required": true
        },
        "line2": {
          "description": "line2 details",
          "type": "string",
          "minLength": 1,
          "maxLength": 500
        },
        "city": {
          "description": "city name",
          "type": "string",
          "minLength": 1,
          "maxLength": 50,
          "required": true
        },
        "state": {
          "description": "state name",
          "type": "string",
          "minLength": 1,
          "maxLength": 50,
          "required": true
        },
        "country": {
          "description": "country name",
          "type": "string",
          "minLength": 1,
          "maxLength": 50,
          "required": true
        },
        "zip_code": {
          "description": "zip code",
          "type": "integer",
          "minLength": 6,
          "maxLength": 6,
          "required": true
        }
      }
    }
  },
  "required": [
    "first_name",
    "last_name",
    "checkin",
    "checkout",
    "totalprice",
    "deposit"
  ],
  "additionalProperties": false
}